{"cameraMode":{"drawMode":0,"name":"Shaded","section":"Shading Mode"},"sceneLighting":false,"audioPlay":false,"sceneViewState":{"showFog":true,"showMaterialUpdate":false,"showSkybox":false,"showFlares":true,"showImageEffects":true,"showParticleSystems":true},"in2DMode":false,"pivot":{"x":0.07439613342285156,"y":-0.18695068359375,"z":0.0796961784362793},"rotation":{"x":-0.05779476463794708,"y":0.8487007021903992,"z":-0.09486067295074463,"w":-0.5170777440071106},"size":21.0657901763916,"orthographic":false}