{"cameraMode":{"drawMode":0,"name":"Shaded","section":"Shading Mode"},"sceneLighting":false,"audioPlay":false,"sceneViewState":{"showFog":true,"showMaterialUpdate":false,"showSkybox":false,"showFlares":true,"showImageEffects":true,"showParticleSystems":true},"in2DMode":false,"pivot":{"x":-0.033289700746536258,"y":0.23466159403324128,"z":0.027837157249450685},"rotation":{"x":0.268631249666214,"y":-0.36718156933784487,"z":0.11172846704721451,"w":0.8835096955299377},"size":3.5940370559692385,"orthographic":true}