{"cameraMode":{"drawMode":0,"name":"Shaded","section":"Shading Mode"},"sceneLighting":false,"audioPlay":false,"sceneViewState":{"showFog":true,"showMaterialUpdate":false,"showSkybox":false,"showFlares":true,"showImageEffects":true,"showParticleSystems":true},"in2DMode":false,"pivot":{"x":0.40209919214248659,"y":0.6505851149559021,"z":-0.7482500076293945},"rotation":{"x":-0.06475860625505448,"y":0.9182823896408081,"z":-0.1688065081834793,"w":-0.3522629737854004},"size":10.981395721435547,"orthographic":true}