{"cameraMode":{"drawMode":0,"name":"Shaded","section":"Shading Mode"},"sceneLighting":false,"audioPlay":false,"sceneViewState":{"showFog":true,"showMaterialUpdate":false,"showSkybox":false,"showFlares":true,"showImageEffects":true,"showParticleSystems":true},"in2DMode":false,"pivot":{"x":-0.15099811553955079,"y":2.2050020694732668,"z":-0.27155542373657229},"rotation":{"x":0.15492486953735352,"y":-0.7784202098846436,"z":0.21141701936721803,"w":0.5704216957092285},"size":22.981626510620118,"orthographic":true}