{"cameraMode":{"drawMode":0,"name":"Shaded","section":"Shading Mode"},"sceneLighting":false,"audioPlay":false,"sceneViewState":{"showFog":true,"showMaterialUpdate":false,"showSkybox":false,"showFlares":true,"showImageEffects":true,"showParticleSystems":true},"in2DMode":false,"pivot":{"x":-1.9314420223236085,"y":2.4892592430114748,"z":1.349299669265747},"rotation":{"x":0.008769899606704712,"y":-0.9728974103927612,"z":0.03706877678632736,"w":0.22821664810180665},"size":16.162874221801759,"orthographic":true}