{"cameraMode":{"drawMode":0,"name":"Shaded","section":"Shading Mode"},"sceneLighting":true,"audioPlay":false,"sceneViewState":{"showFog":true,"showMaterialUpdate":false,"showSkybox":true,"showFlares":true,"showImageEffects":true,"showParticleSystems":true},"in2DMode":false,"pivot":{"x":-0.4045441448688507,"y":1.9647202491760255,"z":0.3487941026687622},"rotation":{"x":0.06681251525878906,"y":-0.933195173740387,"z":0.24924950301647187,"w":0.25014734268188479},"size":18.89814567565918,"orthographic":true}