{"cameraMode":{"drawMode":0,"name":"Shaded","section":"Shading Mode"},"sceneLighting":false,"audioPlay":false,"sceneViewState":{"showFog":true,"showMaterialUpdate":false,"showSkybox":false,"showFlares":true,"showImageEffects":true,"showParticleSystems":true},"in2DMode":false,"pivot":{"x":-0.000002384185791015625,"y":-0.2750024199485779,"z":128.39999389648438},"rotation":{"x":-0.09460137039422989,"y":0.9008530974388123,"z":-0.2481643706560135,"w":-0.34340938925743105},"size":64.47691345214844,"orthographic":false}