{"cameraMode":{"drawMode":0,"name":"Shaded","section":"Shading Mode"},"sceneLighting":false,"audioPlay":false,"sceneViewState":{"showFog":true,"showMaterialUpdate":false,"showSkybox":false,"showFlares":true,"showImageEffects":true,"showParticleSystems":true},"in2DMode":false,"pivot":{"x":2.169081687927246,"y":0.02471698820590973,"z":-0.8517515063285828},"rotation":{"x":0.35215678811073305,"y":-0.45428186655044558,"z":0.20174750685691834,"w":0.7930724024772644},"size":8.718854904174805,"orthographic":true}