{"cameraMode":{"drawMode":0,"name":"Shaded","section":"Shading Mode"},"sceneLighting":false,"audioPlay":false,"sceneViewState":{"showFog":true,"showMaterialUpdate":false,"showSkybox":false,"showFlares":true,"showImageEffects":true,"showParticleSystems":true},"in2DMode":false,"pivot":{"x":-0.000002384185791015625,"y":-0.2750024199485779,"z":128.39999389648438},"rotation":{"x":-0.10667162388563156,"y":0.8784976601600647,"z":-0.2321002185344696,"w":-0.40374720096588137},"size":64.47691345214844,"orthographic":true}