{"cameraMode":{"drawMode":0,"name":"Shaded","section":"Shading Mode"},"sceneLighting":false,"audioPlay":false,"sceneViewState":{"showFog":true,"showMaterialUpdate":false,"showSkybox":false,"showFlares":true,"showImageEffects":true,"showParticleSystems":true},"in2DMode":false,"pivot":{"x":-3.071176528930664,"y":0.627600908279419,"z":-2.85836124420166},"rotation":{"x":-0.01126208994537592,"y":0.9813867211341858,"z":-0.18192996084690095,"w":-0.060725901275873187},"size":0.8488678336143494,"orthographic":true}